text,label
I absolutely love this product! Best purchase ever!,positive
Excellent quality and amazing customer service. Highly recommend!,positive
This exceeded my expectations completely. Fantastic value!,positive
Outstanding performance and great design. Very satisfied!,positive
Perfect! Exactly what I needed. Couldn't be happier!,positive
Amazing value for money. Exceeded all expectations!,positive
Brilliant product with wonderful features. Love it!,positive
Top quality and excellent service. Strongly recommend!,positive
This is absolutely fantastic! Worth every penny!,positive
Incredible product that delivers on all promises!,positive
Super happy with this purchase. Great investment!,positive
Excellent workmanship and attention to detail!,positive
This product is a game changer. Absolutely brilliant!,positive
Love the quality and design. Perfect for my needs!,positive
Outstanding value and amazing user experience!,positive
Best product in its category. Highly impressed!,positive
Fantastic quality at an unbeatable price!,positive
This is exactly what I was looking for. Delighted!,positive
Amazing features and incredible build quality!,positive
Perfect product with excellent customer support!,positive
I couldn't be happier with this purchase!,positive
Outstanding value and premium quality!,positive
This product exceeded all my expectations!,positive
Wonderful experience from start to finish!,positive
Excellent product that I use daily!,positive
Top-notch quality and perfect functionality!,positive
This is a fantastic addition to my collection!,positive
Very impressed with the quality and design!,positive
Great product with amazing attention to detail!,positive
Love this! It's perfect in every way!,positive
Terrible product. Complete waste of money!,negative
Poor quality and awful customer service. Avoid!,negative
Disappointed with this purchase. Not worth it!,negative
This product broke immediately. Very poor quality!,negative
Regret buying this. Does not work as advertised!,negative
Awful experience. Product arrived damaged!,negative
Poor craftsmanship and terrible value for money!,negative
This is garbage. Do not buy under any circumstances!,negative
Horrible quality. Fell apart after first use!,negative
Extremely disappointed. Total waste of money!,negative
Bad product with even worse customer service!,negative
This is a complete scam. Stay away!,negative
Poor quality control. Item arrived defective!,negative
Worst purchase I've ever made. Terrible quality!,negative
This product is a complete ripoff. Avoid!,negative
Defective item that doesn't work at all!,negative
Shocked by the poor quality. Very disappointed!,negative
This is absolutely horrible. Save your money!,negative
Terrible experience. Product is useless!,negative
Poor design and worse functionality. Avoid!,negative
This product is a letdown on all fronts!,negative
Awful quality for such a high price!,negative
Completely unsatisfied with this purchase!,negative
This broke after just one day of use!,negative
Poor value and terrible build quality!,negative
Not recommended. Very disappointed customer!,negative
This product is junk. Stay far away!,negative
Horrible quality that doesn't last at all!,negative
Terrible product that failed immediately!,negative
This is a complete disaster. Avoid at all costs!,negative
It's okay. Nothing special but serves its purpose.,neutral
Average product. Does the job but nothing extraordinary.,neutral
Decent quality. Got what I expected for the price.,neutral
Acceptable product. Meets basic requirements.,neutral
Standard item. No major issues but no wow factor.,neutral
Fair quality. Adequate for everyday use.,neutral
Reasonable product. Not great but not terrible either.,neutral
Basic functionality. It works but nothing special.,neutral
Mediocre quality. Average at best.,neutral
Okay product. Satisfactory but unremarkable.,neutral
Average value. Does what it needs to do.,neutral
Standard quality. Nothing to complain about or praise.,neutral
Acceptable performance. Gets the job done.,neutral
Fair quality for the price. Average experience.,neutral
It works as intended. No surprises either way.,neutral
Basic product. Meets expectations without exceeding them.,neutral
Reasonable quality. Standard for this type of item.,neutral
Decent product. Satisfactory overall.,neutral
Average experience. Neither good nor bad.,neutral
Standard quality. Acceptable for casual use.,neutral
It's fine. Does what it's supposed to do.,neutral
Adequate quality. Nothing extraordinary.,neutral
Fairly standard product. No major issues.,neutral
Reasonable value. Gets the job done.,neutral
Average product that works as advertised.,neutral
Decent quality with acceptable performance.,neutral
Standard item. Meets basic needs satisfactorily.,neutral
Fair quality. Neither impressive nor disappointing.,neutral
Okay value. Acceptable but unremarkable.,neutral
Average quality. Nothing special but functional.,neutral
